Snuisteren in de Oude Kalevallei: Fiets- of wandelzoektocht voor groot en klein.,"Slechts een paar kilometer van Gent centrum verwijderd, werd een verborgen parel toegankelijk gemaakt voor het publiek, de Oude Kalevallei. Tijdens de Gentse feesten kunnen klein en groot dit prachtige landschap op een speelse manier gaan ontdekken!",25/07/2011,00:00,00:00,"Drongenplein 1, Drongen",0,1000,51.0501017,3.6646316
"Hemadi, een kleine geschiedenis","In zijn 'kleine geschiedenis' brengt Hemadi de sporen van zijn vroegste kennismaking met de westerse cultuur, opgetekend in café op voorhanden zijnde bierkaartjes. Deze zeer spontaan tot stand gekomen schetsen werden veelal afgewerkt in het atelier.",25/07/2011,09:00,16:30,"lokettenzaal hoofdzetel VDK spaarbank, Sint-Michielsplein 16, Gent",1,50,51.0534253,3.7190681
Expo 'Katoenkabaal',Gent was ooit de rumoerigste van de Vlaamse textielsteden. In het MIAT zie je de evolutie van katoenplant tot afgewerkt product. Ontdek ook de vele eigenschappen van textielvezels en het hoogtechnologisch textiel.,25/07/2011,10:00,18:00,"MIAT, Minnemeers 9, Gent",0,100,51.0599955,3.7287123
Het Zwaard van Koning Arthur - poppentheater met Pierke,"Pierke gaat terug in de tijd en beleeft een spannend avontuur bij koning Arthur en tovenaar Merlijn! Alle klassieke Pedrolino-ingrediënten zijn aanwezig: een boeiend verhaal, humor, prachtige poppen en sfeervolle decors!",25/07/2011,15:00,16:30,"Gravensteen, Sint-Veerleplein , Gent",1,1000,51.05665,3.72
de Bende van de Prins - Averechts,"Als volleerde slapstickacteurs brengen Pepijn Lievens en Wouter Bruneel het waargebeurde, dramatische verhaal van de oorlogsheld Henry Tandey. Op het slagveld maakte hij echter één vergissing die het verloop van de wereldgeschiedenis zou bepalen…",25/07/2011,19:30,20:30,"Domzaal - Kunstencentrum Vooruit, Sint-Pietersnieuwstraat 23, Gent",0,1000,51.05665,3.72
Schampavie,"Voor een dag strijkt hét circus zoals het ooit was en zoals het in menig kinderboek terug te vinden is, bij u neer.In het Gents en mét een verhaal. In de stijl van de jaren dertig en met de kinderen en de volwassenen actief mee op het podium...",25/07/2011,14:30,15:45,"Turnzaal Oefenschool Wispelberg Coupure Rechts, Coupure 54, Gent",1,100,51.0470496,3.7184626
Kameroad & Schoaveling; redders van het Gentse dialect ?,Gent beleeft de grootste crisis sinds zijn ontstaan; het dreigt zijn taal te verliezen.Kameroad en Schoaveling kruipen in de huid van de koppige en fiere Gentenaar die strijd voert om zijn dialect te beschermen tegen allerlei invloeden..,25/07/2011,20:00,22:00,"Turnzaal Oefenschool Wispelberg Coupure Rechts 54, 9000 Gent, Coupure 54, Gent",1,50,51.0470496,3.7184626
Mustang (BE),"Brusselse trots en residents van de Libertine Supersport. Renaud (Cosy Mozzy) en Andy staan voor het tweede jaar op rij op 10 Days Off en brachten intussen ep’s uit op Gomma, Abracada en Different Recordings. Italo, disco, vroege house en pop!",25/07/2011,23:00,05:55,"10 Days Off - Vooruit, Sint-Pietersnieuwstraat , Gent",0,5000,51.05665,3.72
New Orleans Jazz met The Rudy Balliu  Society Serenaders,"Echte,zuivere New Orleans Jazz",25/07/2011,20:00,00:00,"Zaal van K. Roeivereniging Sport Gent, Kanodreef 1, Gent",1,100,51.0475162,3.7036577
Falling Man,Trash / Psychedelic / Rock,25/07/2011,03:00,04:00,"Kinky Star, Vlasmarkt 9, Gent",0,50,51.0557895,3.7285385
De Ark van Noach - Eco-kunst van William Sweetlove,"William Sweetlove is een autoriteit op gebied van kunst uit gerecycleerde materialen. Via zijn kunstwerken, die niet wars zijn van een vleugje humor en ironie, pleit hij voor een meer verantwoord-ecologische aanpak van de wereld.",25/07/2011,10:00,17:00,"Augustijnenklooster Sint-Stefanus, Academiestraat 1, Gent",1,100,51.0593912,3.7198089
Villa (BE),"Na een zomerhit, high profile optredens en remixes voor oa Keane en Moby nam Villa in 2011 een nieuwe start. De tweede ep is aantocht, de voorbodes ervan zijn veelbelovend: dansmuziek met soul, organische grooves en (een beetje) hyperdisco.",25/07/2011,23:00,05:55,"10 Days Off - Vooruit, Sint-Pietersnieuwstraat , Gent",0,5000,51.05665,3.72
CONFLICTEN: '40-'45... Ze zijn daar weer!,"1940: Mobilisatie! Blitzkrieg en Blitzbezoek van Hitler aan Gent. Goering in het Posthotel, de aanslag in de Papegaaistraat, de bombardementen in Merelbeke en de bevrijding met de Torries en het Gandawa escadron. Gratis rondleiding, res. niet nodig.",25/07/2011,10:00,12:00,"Sint- Michielshelling, Korenmarkt, Korenmarkt -, Gent",0,50,51.05451,3.72176
"Het Huis van Alijn, museum van de dingen die (n)ooit voorbijgaan",Hier wordt volkscultuur op een eigentijdse en verrassende manier opgevat. Open van 10 tot 18 uur tijdens de Gentse Feesten en gratis voor Gentenaars!,25/07/2011,10:00,18:00,"Het Huis van Alijn, Kraanlei 65, Gent",0,1000,51.0574921,3.7234722
Hier spreekt men Gentsch 2,"Revue vol humor, zang, dans en muziek met fragmenten uit de shows van Romain Deconinck en Leo Martin. Met Fred Geirnaert, Pat Remue, Betty Bouckaert & Blue Lady Christelle. Muzikale omlijsting: Rudy Hammond. Ballet o.l.v. Stephanie Dequin.",25/07/2011,17:30,20:00,"Theater SCALA, Dendermondsesteenweg 163-165, Gent",1,5000,51.0524071,3.7533519
Bierwandeling,Een verkwikkende wandeling die de zintuigen prikkelt: verhalen over al dan niet heilzaam bierdrinken… én gelegenheid de opgedane kennis proefondervindelijk te toetsen op diverse locaties - o.a. de stadsbrouwerij Gruut. (Prijs = exclusief laatste drankje),25/07/2011,17:00,19:30,"Ingang St.-Pieterskerk, Sint-Pietersplein 9, Gent",0,50,51.0428007,3.7264994
Tentoonstelling van 12 litho's van Willem Vermandere geïnspireerd op de Statenbijbel,"Een rustpunt in de drukte, stilte en meditatie, rond 12 houtsneden van Willem Vermandere, tentoongesteld in een voormalige Capucijnenkapel (17e eeuw). Alle dagen open van 14u tot 18u. Meditatieve concerten op 17, 19, 21 en 23 juli, aanvang 17u.",25/07/2011,14:00,18:00,"Protestantse kerk Gent-Centrum, Brabantdam , Gent",0,50,51.0501111,3.7300653
Boottocht met Hanneke Tanneke Toverheks + gratis ijsje. Duur 40 min.,"Vaar mee met Hanneke Tanneke: een lelijke, vrolijke, superslordige heks die de Gentse wateren tijdens de Feesten onveilig maakt. Kleuters en kinderen tot 8 jaar helpen Hanneke om een heel speciale toverdrank te brouwen.",25/07/2011,16:00,16:40,"Aanlegsteiger Boat in Gent, bij Gravensteen (50m), Kraanlei , Gent",0,1000,51.0569531,3.7226146
Romantic Paddling,"Romantische rondvaart in de oude Gentse binnenstad met een Canadese kano, al dan niet voorzien van een bubbeltje.  Voor mensen met een sportieve ingesteldheid en zin voor avontuur en cultuur.",25/07/2011,10:00,19:00,"Sint Michielsbrug, Predikherenlei 2, Gent",0,50,51.0534952,3.7209076
Floating Points (UK),"Wonderknaap die met evenveel succes zijn eigen future dub, beukende house en klassieke muziek componeert. Zijn deejaysets schipperen tussen house, techno, boogie en disco. En toch is soul het kompas dat dit vlot op koers houdt. Een wonderknaap!",25/07/2011,23:00,05:55,"10 Days Off - Vooruit, Sint-Pietersnieuwstraat , Gent",0,5000,51.05665,3.72
Het huis huilt,Een speelse voorstelling rond een fascinerende droomwereld waarin 8 insecten samenwonen  in een huis. Een huis dat huilt. Op je tocht doorheen dit wonderlijke huis helpen deze bijzondere insecten je de uitgang te vinden. Kijk en luister maar...,25/07/2011,16:00,16:45,"KOPERGIETERY, Blekerijstraat 50, Gent",1,1000,51.0596649,3.7323985
"Tès Goe Weere, Vrie Goe Weere, bij Goe Weere","Shit waar, 2 uure ongeluufelijke kluuterijen, sketchen en liedjes, deur den Ambassadeur van de Gentse Leute en zijn vrienden: Petra, An Fleur en Jan De Raedt. Orkest: 5 Men Band. Gelieve nie 't hoesten aub.",25/07/2011,20:00,22:30,"Cultuurkapel, Sint-Antoniuskaai 10, Gent",1,100,51.0595882,3.717214
Gast-expo: Tradities in Vlaanderen,"Ontdek de foto’s van Nick Hannes over feestcultuur in Vlaanderen aan het begin van de 21ste eeuw: van carnavalsfeesten, suiker- en offerfeesten, autowijdingen en kermiskoersen tot babyborrels en Driekoningenzingen. (ism Volkskunde Vlaanderen vzw)",25/07/2011,10:00,18:00,"Het Huis van Alijn, Kraanlei 65, Gent",0,1000,51.0574921,3.7234722
Bezoek belfort,Gent al eens van bovenaf bekeken? Zeker doen tijdens de Gentse Feesten!,25/07/2011,10:00,18:00,"Belfort, Sint-Baafsplein , Gent",0,50,51.0536709,3.7254561
Zoektocht in Portus Ganda - meer dan water alleen! (zonder gids),"Deze zoektocht leidt je van de oudste nederzettingen naar de nieuwste haven van de stad. Boekje te koop: Kunstglasramen Mestdagh, Drabstr. 2",25/07/2011,00:00,00:00,"Oude Beestenmarkt /, Gent",0,50,51.0542559,3.7322261
De Piratenboot + gratis ijsje. Duur 40 min.,Maat Piraat springt aan boord want boeven zitten hem op de hielen. We gaan per boot op zoek naar een geheime schat en hij vertelt onderweg geweldige verhalen over zijn wedervaren om zijn droom te vervullen...,25/07/2011,17:00,17:40,"Aanlegsteiger Boat in Gent, bij Gravensteen (50m), Kraanlei , Gent",0,1000,51.0569531,3.7226146
Welk België willen we?,Welk België willen we?,25/07/2011,14:00,18:00,"Minnemeers (NT2Gent), Minnemeers 9, Gent",0,50,51.0599955,3.7287123
"Gent, rebelse stad!",Gent heeft altijd een dwars en rebels karakter gehad; Dit uitte zich in vele opstanden en oproeren tegen externe en interne machthebbers. In deze wandeling tonen we u aan dat Gent inspiratie geweest is voor nieuwe vormen om het gezag te tarten.,25/07/2011,14:00,16:00,"Café Trefpunt, Bij Sint-Jacobs 18, Gent",0,50,51.0562813,3.7271842
Ontbijt,"Uitgebreid ontbijtbuffet (verse koeken, broodjes, omeletten, spek, fruitsap, koffie, thee enz...) Reservatie bevestigd bij betaling en afhaling kaarten. Zitplaatsen verzekerd !",25/07/2011,09:00,10:15,"Brasserie Het Volk, Poel 7, Gent",0,50,51.0545335,3.7178529
Moodymann (USA),"Cut up detroit house en samples uit jazz, soul, funk, disco en blaxploitation films zorgen voor een hybride vorm van techno en house met een zwarte opdruk.  Een eigen sfeer en sound, nog volledig vertrouwend op vinyl. Uniek.",25/07/2011,23:00,05:55,"10 Days Off - Vooruit, Sint-Pietersnieuwstraat , Gent",0,5000,51.05665,3.72
"Verliefd op Gent, of op het punt het te worden?",Luchtige initiatie-rite tot het statuut van Gentenaar. Sterk aanbevolen voor al wie graag in Gent blijft plakken en zich een muileke Gents wil eigen maken,25/07/2011,19:00,20:00,"Aanlegsteiger De Bootjes Van Gent - Rederij Dewaele, Korenlei , Gent",0,1000,51.054856,3.7201238
Jorge Macchi | Music Stands Still,"Het S.M.A.K. brengt de eerste grote mid-career overzichtstentoonstelling van de Argentijnse kunstenaar Jorge Macchi (1963, Buenos Aires).",25/07/2011,10:00,18:00,"S.M.A.K., Citadelpark 2, Gent",0,50,51.05665,3.72
Portie Mix – Weg (try-out),Een sprankelend Vlaams cabaretduo dat ijzingwekkend mooie liedjes combineert met frisse sketches en een portie onnozelheid. Na één van hun allereerste optredens noemde CuttingEdge hen al “veelbelovend”. Ontdek ze voor de Nederlanders hen inpikken!,25/07/2011,20:00,21:15,"Hof Van Ryhove, Onderstraat 20, Gent",1,100,51.0559253,3.7251237
Gentse vrouwen,"Proviandiersters, koopwijven, devotarigghen, nonnen, studentes, onderwijzeressen, en zelfs de Maagd van Gent. Gent zou er zonder sterke vrouwen helemaal anders uitzien.",25/07/2011,16:00,18:00,"Vlaamse Opera, Schouwburgstraat 3, Gent",0,50,51.0500526,3.7250165
Sheridan (BE),"In Sheridans bouquet residence hokken disco en aanverwanten samen met pop-, funk- en rockedits. Smerige analoge house deelt een achterkamer met horny oldies. De allerlaatste dj op dag 10-en-een-half, de finale flikkering van 10 dagen (Gentse)feesten.",25/07/2011,23:00,05:55,"10 Days Off - Vooruit, Sint-Pietersnieuwstraat , Gent",0,5000,51.05665,3.72
Het Gentse Montmartre - Vlerickschool,een rustpunt in de drukte van de Gentse feesten. Een plein met een authentiek kader. U kan er rustig flaneren tussen de kunstenaars en luisteren naar Franse chansons. Genieten van optredens door zangers en goochelaar. Brunch vanaf 10h,25/07/2011,10:00,23:50,"Binnentuin Vlerickschool, Seminariestraat 10, Gent",0,50,51.0514757,3.7314442
Diamond Club Bottle Night,Party met Eristoff wit/rood aan €30 - DJ Les Mecs Eclectics,25/07/2011,22:00,00:00,"Tijuana, Schuurkenstraat 2, Gent",1,1000,51.0534682,3.7217767
Wandelzoektocht Pasar Gent - Eeklo vzw,"De 17e editie van de Wandelzoektocht van Pasar laat je kennismaken met interessante gebouwen en bezienswaardigheden waarbij werknemers centraal staan. Kortom, een boeiende en plezante uitstap voor het ganse gezin!",25/07/2011,00:00,00:00,"Startplaats, Sint-Michielsplein , Gent",0,50,51.0534201,3.719132
Kleurwedstrijd,"Doorlopend kleurwedstrijd voor de kinderen; tekeningen, papier en wasco's liggen ter beschikking. De winnaars krijgen persoonlijk een brief van de slotenmaker...",25/07/2011,10:00,18:00,"Belfort, Sint-Baafsplein , Gent",0,50,51.0536709,3.7254561
Portus Ganda + Oude Dokken per boot met gratis ijsje.  Duur: 1u45,"Met gids van Korenlei, door de sluis, via Portus Ganda en Dampoort naar de Oude Dokken met zijn schitterend stadsvernieuwingsproject en terug. Voor echte kurieuzeneuzen! Tickets afhalen vanaf 1 uur vóór afvaart.",25/07/2011,17:30,19:15,"Aanlegsteiger De Bootjes van Gent-Rederij Dewaele, Korenlei , Gent",0,1000,51.054856,3.7201238
Beeldige Borsten,"Met de borst vooruit wandelen we langs talloze beelden en afbeeldingen van vrouwen. We zoeken naar schoonheidsidealen vroeger en nu, naar leuke verhalen over opsmuk en geven jullie graag historisch verantwoorde schoonheidstips mee.",25/07/2011,14:00,15:30,"Infostand Vizit, Corduwaniersstraat 4, Gent",0,50,51.0576395,3.7227266
BataStrand,"Batastrand, de oase van de Gentse feesten",25/07/2011,14:00,00:00,"DOKstrand, Koopvaardijlaan 13B, Gent",0,50,51.0581571,3.7397069
Rondleiding in het Stadhuis,"Een rondleiding langs een doolhof, een monumentale schoorsteen, historische schilderijen en een keizerlijk toilet? Dit moet het Stadhuis zijn!",25/07/2011,10:00,12:00,"Stadhuis, Botermarkt 1, Gent",0,50,51.0545313,3.7253208
Historische rondvaart doorheen het middeleeuwse Gent + gratis ijsje. Duur: 40 min.,"Rondvaart met gids op Leie en Lieve. Om de de 15 minuten vertrekt er een bootje. Reservatie: niet nodig, tenzij voor groepen.",25/07/2011,10:00,00:00,"Aanlegsteiger De Bootjes van Gent-Rederij Dewaele, Korenlei , Gent",0,1000,51.054856,3.7201238
Ontdek in het STAM het verhaal van Gent.," Het heden, verleden en de toekomst worden langs een parcours van objecten en multimedia uit de doeken gedaan. De perfecte introductie tot Gent!",25/07/2011,10:00,18:00,"STAM - Stadsmuseum Gent, Godshuizenlaan 2, Gent",0,100,51.0439708,3.7151519
"Stadswandeling met ontbijt, lunch en een geleid bezoek aan het ""STAM"" of stadsmuseum.","Hartig ontbijt + lunch in het restaurant Carte Blanche P-W en een stadswandeling olv Luth Claeys (Gidsenbond Oost-Vl.) met bezoek aan het STAM, muziekcentrum, bijlokesite met het oude hospitaal en de gebouwen Cloquet.",25/07/2011,08:30,12:30,"Restaurant Carte Blanche P-W, Martelaarslaan 321, Gent",1,50,51.047746,3.7097361
Expo 'WereldWijdWerken',"Beleef de gevolgen van de industrialisatie. Felix, Aline en Monica komen uit een grote familie. Zij nemen je mee doorheen de expo en vertellen over de turbulente veranderingen in deze periode. Met filmfragmenten en luisterposten.",25/07/2011,10:00,18:00,"MIAT, Minnemeers 9, Gent",0,100,51.0599955,3.7287123
Tomorrow is the Question | Collectie S.M.A.K.,S.M.A.K.stelt een deel van haar omvangrijke collectie tentoon.,25/07/2011,10:00,18:00,"S.M.A.K., Citadelpark 2, Gent",0,50,51.05665,3.72
Neuzen in historisch Gent (zoektocht zonder gids),"Onder het wakende oog van de draak op het Belfort, ga je op ontdekking in de stad, langs grote monumenten en onbekende pareltjes.",25/07/2011,00:00,00:00,"Sint-Veerleplein /, Gent",0,50,51.0567346,3.7213135
Chansons à la carte met Guido Belcanto en Derek,"Van Derek weten we al langer dat hij graag in het Frans zingt, maar dat ook Guido Belcanto een zwak heeft voor het Franse lied is een groter geheim! Samen met muzikanten Yves Meersschaert en Mario Vermandel brengen ze hun favoriete Franstalige chansons.",25/07/2011,17:30,19:00,"Het Huis van Alijn, Kraanlei 65, Gent",0,1000,51.0574921,3.7234722
Radio 2 Avondpost live (16-18),feestelijke live radio vanop en over  de Gentse Feesten met verrassende studio gasten,25/07/2011,16:00,18:00,"Botermarkt, afspraak aan de trappen voor het stadhuis, Botermarkt z/n, Gent",0,50,51.05665,3.72
'En Het Grootste Deel Schreven we Samen in Bed',"Voor het vierde jaar op rij brengt het Gentse dichterscollectief 'De Wolven van La Mancha' tien dagen lang een poëtische oase in het hart van de binnenstad. Een plek waar woord en beeld voor verwondering zorgen: uitdagend, bloedstollend mooi en gratis.",25/07/2011,17:00,02:00,"Los Perros Calientes, Goudstraat 2, Gent",1,50,51.0596007,3.7277249
Elga - Het Panopticum,Elga – Het Panopticum dompelt jou onder in de historiek van Gent waar revolutionaire figuren het voortouw namen. Dit levend museum vind je op de speelplaats van het SKI palend aan het Baudelohof. Een productie in samenwerking met het Vermeylenfonds.,25/07/2011,16:00,16:40,"secundair kunstintituut - speelplaats - ingang via Baudelohof, Ottogracht 4, Gent",0,50,51.0580378,3.7279839
Café-Chantant,Een mengelmoes van Gentse liedjes. Zitplaats niet verzekerd zonder ontbijt,25/07/2011,11:00,13:00,"Brasserie Het Volk, Poel 7, Gent",0,50,51.0545335,3.7178529
Belleman Jean-Pierre Van De Perre,Belleman te zien in het straatbeeld is ter beschikking van de bevolking en feestvierders bij de rondgang van de stroppendragers.,25/07/2011,16:00,20:00,"Feestzone, Belfortstraat , Gent",0,50,51.055272,3.7266301
Comedy voor Kids,Al vijf jaar op rij een uitverkocht succes op de Feesten! De enige familievoorstelling die iedere keer verrast: de plezanteriken op het podium maken sketches en liedjes op basis van jouw ideeën. Laureaat Kinderjuryprijs Gentse Feesten. Van 8 tot 88 jaar.,25/07/2011,15:00,16:00,"Hof Van Ryhove, Onderstraat 20, Gent",1,100,51.0559253,3.7251237
Rondleidingen Augustijnenklooster Sint-Stefanus,"U krijgt een unieke kans een rondleiding mee te maken door een gids in het prachtige Augustijnenklooster Sint-Stefanus. De binnentuin is prachtig, de bibliotheek een pareltje...",25/07/2011,11:00,12:00,"Augustijnenklooster Sint-Stefanus, Academiestraat 1, Gent",1,50,51.0593912,3.7198089
Ontketend,"Kees pakt uit met een unieke mengvorm van stand-up, zang, gitaar, piano, dans. Met doorleefde teksten en geweldige songs over zijn familie,relaties en zijn zomer aan de kust. ""Kees raakt"" (De Morgen). ""Hij verstaat de kunst"" (DS). (zie ook xlp.be)",25/07/2011,22:00,23:15,"Theater Tinnenpot, Biljartzaal, Tinnenpotstraat 21, Gent",1,100,51.0583441,3.7183287
SABIJN aMUZE-ert op 't WATER,"Sabijn brengt een totaal show waarin je haar te zien zal krijgen zoals nooit te voren.  Acterend, zingend en Swingend, dansend, schudden en beven en vooral beleven.",25/07/2011,20:00,22:30,"Aquamuse (Schip), Kuiperskaai 24, Gent",1,1000,51.0498626,3.7301691
Gent op z'n kookpunt (zoektocht zonder gids),"Wat zat er vroeger in de kookpot? Waarom gebruiken we eigenlijk bestek? Hoe ontstond Gentse waterzooi?   Boekje te koop bij Kunstglasramen Mestdagh, Drabstr. 2",25/07/2011,00:00,00:00,"Korenlei 1, Gent",0,50,51.05538,3.7203432
Travestieshow Les Folles de Gand,"Travestieshow onder leiding van Miss Michelle. Glitter, glamour en humor. Sketches met Cabaret oester. Stemmenimitator Steve Ryckier. Airco in de zaal en hapjes te verkrijgen. Géén show op 17 juli",25/07/2011,20:30,23:15,"Centrum Reinaert, Reinaertstraat 28, Gent",1,1000,51.0595485,3.701899
Kathleen Vandenhoudt & Bruno Deneckere,Feestelijk slotconcert,25/07/2011,22:00,23:00,"Aanmeerplaats :, Kraanlei , Gent",0,100,51.0569531,3.7226146
Movieguide Filips en Mathilde,Het Gravensteen is een van de topmonumenten van Gent. Via de movieguide ‘Filips en Mathilde’ komt het verre en bewogen verleden van deze versterkte burcht werkelijk tot leven.,25/07/2011,09:00,18:00,"Gravensteen, Sint-Veerleplein , Gent",0,50,51.05665,3.72
"Café Cantant, Willy Bart en zijne kluts","Nen hutsepot van Gentsche liedjes, Een Bretoens menu: Aperitief, boekweitkoek of pannenkoek en koffie.   Ook reservatie mogelijk in Donkersteeg 16 op maandag, dinsdag en donderdag",25/07/2011,11:30,14:30,"Bretoens Pannenkoekenhuis Gwenola, Donkersteeg 16, Gent",1,100,51.0546855,3.723231
Expo Et Cetera,"Et Cetera staat voor textielkunst. Dit vrouwelijke collectief werkt met eeuwenoude technieken, zoals batikken, weven, vilten en shibori.",25/07/2011,10:00,18:00,"MIAT, Minnemeers 9, Gent",0,1000,51.0599955,3.7287123
"Boottocht ""Gent Compleet"" + gratis ijsje. Duur: 90 min.","Gegidste boottocht op Leie, Lieve, Ketelvaart & Schelde. Ook doorvaart onder 't Laurentplein. 1000 jaar architectuur en verhalen op het parcours. Tickets afhalen van vanaf 1 uur vóór afvaart, ten laatste 15 minuten vóór afvaart.",25/07/2011,14:00,15:30,"Aanlegsteiger Boat in Gent, bij Gravensteen (50m), Kraanlei , Gent",0,1000,51.0569531,3.7226146
Elga - Het Panopticum,Elga – Het Panopticum dompelt jou onder in de historiek van Gent waar revolutionaire figuren het voortouw namen. Dit levend museum vind je op de speelplaats van het SKI palend aan het Baudelohof. Een productie in samenwerking met het Vermeylenfonds.,25/07/2011,20:00,20:40,"secundair kunstintituut - speelplaats - ingang via Baudelohof, Ottogracht 4, Gent",0,50,51.0580378,3.7279839
Helderziende Sonia Desmadryl,"Geeft inzicht via kaartleggen, numerologie en pendelen.",25/07/2011,14:00,00:00,"HETEKOEKJE, Bennesteeg 1-3, Gent",1,50,51.0528708,3.7245619
Lange dagen,"Mooie afsluiter van een lange zomerdag met liefdesliederen en heerlijke verhalen over liefde en samenzijn en een klein beetje erotiek, net genoeg om even te blozen. Met teksten over Neruda, Màrquez enz. ""Puur en intens"" (De Standaard)",25/07/2011,22:00,23:00,"Theater Tinnenpot, Biljartzaal, Tinnenpotstraat 21, Gent",0,50,51.0583441,3.7183287
Vier zonder ruuk deur 't Spelleke van Dei Kluite,"Een nieuwe revue, veur alle  gruute kientsjes die Gent kenne en Gents verstoan mee stijte muile Pierke Pierlala in d'uuftrolle.",25/07/2011,22:00,23:30,"Lakenmetershuis/Willemsfonds -Vrijdagsmarkt, Vrijdagmarkt 24-25, Gent",1,1000,51.0569408,3.7264272
Belfortcafé,De deuren van de Lakenhalle staan voor de gelegenheid van de Gentse Feesten open voor de dorstigen onder ons!,25/07/2011,13:00,18:00,"Belfort, Sint-Baafsplein , Gent",1,100,51.0536709,3.7254561
Marc Dutroux Ensemble,Experimental/ Noise,25/07/2011,22:00,23:00,"Kinky Star, Vlasmarkt 9, Gent",0,50,51.0557895,3.7285385
De wereld afgebeeld,Schilders en ander fraais op de Westerbegraafplaats,25/07/2011,10:30,12:00,"Westerbegraafplaats, Palinghuizen 143, Gent",0,50,51.0686524,3.6981611
Tentoonstelling Orde van de Belleman,Alles over de Belleman,25/07/2011,10:00,23:55,"Novotel, Goudenleeuwplein 5, Gent",1,1000,51.0544417,3.7237153
Nie Pleuje ! Een verrassende wandeling over de eigenzinnigheid van de Gentenaren door de eeuwen heen.,"Wat zou Gent zijn zonder de kritische, rebelse en tegendraadse Gentenaren die ‘Nie Pleujen’ ofwel nooit opgeven ? Waar komt die Gentse mentaliteit eigenlijk vandaan en vooral, hoe heeft ze de stad tot op de dag van vandaag getekend ?",25/07/2011,10:30,12:15,"Aan het standbeeld voor het oude Justitiepaleis, Koophandelsplein, Gent, Koophandelsplein 23, Gent",0,50,51.0502707,3.7211791
Kindervoorstelling Pappa Langkous,"Rondvaart in de binnenstad met Pappa Langkous.De Gentse kinderen krijgen een stoomcursus Langkous-amusement.  Vertek : 15 u Graslei - Gent-Watertoerist  Prijs : € 6,00/kind (-12 jaar)- € 10,00/Volw. met een gratis Vedett bier. Reservatie verplicht.",25/07/2011,15:00,16:00,"Aanlegsteiger Gent Watertoerist, Graslei , Gent",0,50,51.05471,3.72076
TAPtoe - TapTOE,"Een tentoonstelling van het erfgoed van het Gentse Figurentheater Taptoe. Een archiefkamer, een muziekkamer en de 10 topstukken geven een mooie inkijk in de boeiende carrière van Taptoe. Een theatrale setting met meer dan 200 poppen in het provinciehuis.",25/07/2011,10:00,17:00,"Provinciehuis, Gouvernementstraat 1, Gent",1,100,51.0515278,3.7268065
"Janet Van Biesen, Ambeijoris & Gay Hancock",Zaal: Electro / House door Charlatan residents & De man achter Stubru,25/07/2011,01:00,05:55,"Charlatan, Vlasmarkt 6, Gent",0,1000,51.0560619,3.7282741
Tentoonstelling Schilderwerk Michael Samuel Lucifer Vandorpe,"Expositie van abstracte landschapsschilderijen, olieverf op canvas. Een selectie schilderijen en nieuw werk van Michael Samuel Lucifer Vandorpe. In Visart, Contemporary VISions on ART. Elke feestendag opendeur van 15 uur tot 20 uur.",25/07/2011,15:00,20:00,"Visart, Visserij 8, Gent",0,50,51.0520676,3.7354626
"DJ "")hewhoforgothehasalzzzheimer(""",Vaste waarde uit Magasin 4 verzorgt speciaal voor u een avond zonder muzikale oogkleppen.,25/07/2011,23:00,05:00,"Kinky Star, Vlasmarkt 9, Gent",0,50,51.0557895,3.7285385
Muzikale verpozingen 2011 - Tentoonstelling - De horizon voorbij' - schilderwerken van Jan J.M. Van Saene (B - Lede),In de zijbeuken van de Sint-Michielskerk is er een tentoonstelling rond kunst en religie met schilderwerken van Jan J.M. Van Saene. De tentoonstelling draagt de titel: 'De horizon voorbij'. Vrije toegang.,25/07/2011,14:00,18:00,"Sint-Michielskerk, Sint-Michielsplein 1, Gent",0,1000,51.0535642,3.7187391
"Theater op het water i.s.m. theater Trac - ""Ganda Historica""","De toeschouwers worden per open boot naar de acteurs gebracht.Met ""Ganda Literatura"" wordt aandacht besteed aan de Gentse schrijvers Maurice Maeterlinck, Jean Ray, Cyriel Buysse,gezusters Loveling.   Prijs : € 10,00/pers.Reservatie verplicht.",25/07/2011,18:30,19:30,"Aanlegsteiger Gent Watertoerist, Graslei , Gent",0,50,51.05471,3.72076
Down+Out (BE),Down + Out zijn Garreth Mc Mullan en The Michael. Allebei op hun manier sporen verdiend en nagelaten in menige dj booth en daarbuiten. Verantwoordelijk voor een frisse lijst van internationale gasten die ze naar Gent en Antwerpen haalden.,25/07/2011,23:00,05:55,"10 Days Off - Vooruit, Sint-Pietersnieuwstraat , Gent",0,5000,51.05665,3.72
Vivat Vivaldi,"Denijs Van Killegem, Ruth Van Killegem, Guy Penson en Jona Kesteleyn brengen Antonio Vivaldi opnieuw tot leven. Denijs kruipt letterlijk onder de pruik van 'il prete rosso', commentarieert en filosofeert. De musici brengen hoogtepunten van Vivaldi.",25/07/2011,17:00,18:30,"Middeleeuwse Crypte, NH Gent Belfort Hotel, Hoogpoort 63, Gent",1,100,51.0547961,3.725409
Raad eens hoeveel ik van je hou 3+,"Een muzikale kleutervoorstelling gebaseerd op de wereldberoemde bestseller van Sam McBratney en Anita Jeram. Vertaling en spelbegeleiding: Fabio Van Hoorebeke, spel: Anne Van Opstal, Jolijn Antonissen en Michaël Zanders.",25/07/2011,11:00,11:50,"Toren van Babel, Bargiekaai 1, Gent",0,1000,51.0580853,3.7076434
Smeltkroes van culturen,"Deze wandeling geeft een beeld van het multiculturele oude Gent. Gent is altijd een poort op Europa en de wereld geweest, daarvan zijn vele getuigen terug te vinden. Deze wandeling eindigt in de Orthodoxe kerk die geheel versierd is met fresco’s.",25/07/2011,14:00,16:30,"Café Trefpunt, Bij Sint-Jacobs 18, Gent",0,50,51.0562813,3.7271842
"Filmvoorstelling ""An inconvenient Truth""",De gefilmde presentatie waarmee Al gore de wereld rondtrok om zijn ongerustheid te ventileren over klimaatverandering en zijn gevolgen...,25/07/2011,10:30,12:00,"Augustijnenklooster Sint-Stefanus, Academiestraat 1, Gent",1,50,51.0593912,3.7198089
De blauwe appelaar,"Professor Nostradamus heeft een geweldige uitvinding gedaan. De goedgelovige, naïeve Wiebel verklapt dit aan duivelsmeester Hoetepetoet. Hoetepetoet smeedt snode plannen om de uitvinding te vernietigen. Pierke moet dit verhinderen.",25/07/2011,15:00,16:30,"Het Huis van Alijn, Kraanlei 65, Gent",0,1000,51.0574921,3.7234722
Bezoek aan De Gentse Barge,"De Gentse barge kan vrij bezocht worden vanaf 15u00 tot middernacht.  Bovendek: bar + aperitiefconcerten in de vooravond  Benedendek: tafelen met Foodsie vanaf 18u00 tot 23u00, reservatie aan te raden.'s Middags enkel voor groepen en op reservatie.",25/07/2011,15:00,23:00,"Aanmeerplaats :, Kraanlei , Gent",1,100,51.0569531,3.7226146
Expo Matchbox on tour,"Matchbox is een tentoonstellingsproject op wielen, in de tuin van het MIAT. De Nederlandse Conny Kuilboer en de Russische Nina Stoupina zullen samenwerken. Met feestelijke opening op zondagmiddag 17 juli.",25/07/2011,14:00,17:00,"MIAT, Minnemeers 9, Gent",0,50,51.0599955,3.7287123
Expo 'Ons industrieel verleden',"Duik 250 jaar terug in de tijd. Vergeet alle technologische toepassingen, zoals gsm, computer en ipod. Je belandt in de 18e eeuw en komt vervolgens in de periode van de 1e industriële revolutie met de opkomst van de machine.",25/07/2011,10:00,18:00,"MIAT, Minnemeers 9, Gent",0,100,51.0599955,3.7287123
Elga - Het Panopticum,Elga – Het Panopticum dompelt jou onder in de historiek van Gent waar revolutionaire figuren het voortouw namen. Dit levend museum vind je op de speelplaats van het SKI palend aan het Baudelohof. Een productie in samenwerking met het Vermeylenfonds.,25/07/2011,22:00,22:40,"secundair kunstintituut - speelplaats - ingang via Baudelohof, Ottogracht 4, Gent",0,50,51.0580378,3.7279839
Over blauw bloed en witte billenbijters - zoektocht in het Prinsenhof (zonder gids),"Prinsenhof: meer dan het oord van verdoemenis waar de Gentenaars stroppendragers werden. Een duik in de geschiedenis van deze mooie wijk! Boekje te koop: Kunstglasramen Mestdagh, Drabstr. 2",25/07/2011,00:00,00:00,"Lievekaai /, Gent",0,50,51.0584957,3.7189457
Elga - Het Panopticum,Elga – Het Panopticum dompelt jou onder in de historiek van Gent waar revolutionaire figuren het voortouw namen. Dit levend museum vind je op de speelplaats van het SKI palend aan het Baudelohof. Een productie in samenwerking met het Vermeylenfonds.,25/07/2011,21:00,21:40,"secundair kunstintituut - speelplaats - ingang via Baudelohof, Ottogracht 4, Gent",0,50,51.0580378,3.7279839
Elga - Het Panopticum,Elga – Het Panopticum dompelt jou onder in de historiek van Gent waar revolutionaire figuren het voortouw namen. Dit levend museum vind je op de speelplaats van het SKI palend aan het Baudelohof. Een productie in samenwerking met het Vermeylenfonds.,25/07/2011,17:00,17:40,"secundair kunstintituut - speelplaats - ingang via Baudelohof, Ottogracht 4, Gent",0,50,51.0580378,3.7279839
CLUB FM 104.5fm & FAMILYRADIO 105.7fm,"10 dagen ""Live"" radio vanop de Gentse Feesten, dagelijks van 15u - 22u.",25/07/2011,14:00,22:00,"Oude Vismijn, Sint-Veerleplein 5, Gent",0,100,51.0567346,3.7213135
Mijn Ferme Lady,"Muzikale komedie van Romain Deconinck, in regie van Geert Callebaut. Met o.a. Betty Bouckaert, Manon Soberon, Alain Devos, Lia De Cuyper, Guido Van den Berghe, Patrick Pevenage, Johan Van Hoorde, Steffi Ramont, Marc De Bruycker, Marc Scheire. Première 14 juli om 20u",25/07/2011,21:00,23:30,"Theater SCALA, Dendermondsesteenweg 163-165, Gent",1,5000,51.0524071,3.7533519
Museumspel KidKastKraak,Aan de hand van 3 koffers en een kast verkennen de leerlingen de expo WereldWijdWerken. Zij zijn gevuld met bezittingen van Kristel en haar grootouders. Elk voorwerp stuurt de kinderen op pad. Vanaf 6 jaar.,25/07/2011,10:00,18:00,"MIAT, Minnemeers 9, Gent",0,50,51.0599955,3.7287123
"de STAD, de STRATEN, de HUIZEN, de MENSEN","Frank Degruyter neemt je mee voor een verrassende vertelwandeling door een stuk Gent dat bekend lijkt maar het niet echt is. Met verhalen over wonen, liefhebben en verloren lopen in Gent. Wandelen en luisteren naar het verhaal van een heerlijke stad.",25/07/2011,10:30,12:30,"Bijlokehof, Bijlokehof 6, Gent",0,50,51.0462666,3.7152757
"Rondvaart ""Gent compleet"" + gratis ijsje. Duur 90 min.","1000 jaar architectuur en verhalen. Leuke & grondige verkenning van héél de stad, met gids per boot. Ook vaart u onder 't Laurentplein. Boottocht op Leie, Lieve, Ketelvaart & Schelde. Tickets afhalen vanaf 1 uur vóór afvaart.",25/07/2011,14:00,15:30,"Aanlegsteiger De Bootjes van Gent-Rederij Dewaele, Korenlei , Gent",0,1000,51.054856,3.7201238
Gum Takes Tooth,Experimental/ Noise/ Electronics,25/07/2011,00:00,01:00,"Kinky Star, Vlasmarkt 9, Gent",0,50,51.0557895,3.7285385
De Piratenboot + gratis ijsje. Duur 40 min.,Maat Piraat springt aan boord want boeven zitten hem op de hielen. We gaan per boot op zoek naar een geheime schat en hij vertelt onderweg geweldige verhalen over zijn wedervaren om zijn droom te vervullen...,25/07/2011,14:00,14:40,"Aanlegsteiger Boat in Gent, bij Gravensteen (50m), Kraanlei , Gent",0,1000,51.0569531,3.7226146
Carlos Rodriguez-Méndez | Agua Caliente/Hot Water,De Spaanse kunstenaar Carlos Rodríguez-Méndez plaatst een reusachtige minimale sculptuur in de Kunst Nu-ruimte van S.M.A.K.,25/07/2011,10:00,18:00,"S.M.A.K., Citadelpark 2, Gent",0,50,51.05665,3.72
Matchbox on Tour,"Twee verschillende kunstenaars : Nina Stoupina en Conny Kuilboer onderlegt in verschillende disciplines, elk met andere etnische wortels, andere vormen van beelexpressie. De matchbox staat gestationeerd aan het MIAT. Opening matchbox 17/7 om 14.30u",25/07/2011,14:30,20:00,"MIAT, Minnemeers 9, Gent",0,50,51.0599955,3.7287123
Gent op z'n kookpunt (zoektocht zonder gids),"Wat zat er vroeger in de kookpot? Waarom gebruiken we eigenlijk bestek? Hoe ontstond Gentse waterzooi? Boekje te koop: Kunstglasramen Mestdagh, Drabstraat 2.",25/07/2011,00:00,00:00,"Korenlei /, Gent",0,50,51.054856,3.7201238
BataMatiQ,These are Modern Times. Ook cirQ blijft bij de tijd. Deze zomer draait de vertierindustrie op volle toeren dankzij BataMatiQ. Automatisch amusement voor de meerwaardezoeker.,25/07/2011,15:00,00:00,"park Willem de Beersteeg, Willem de Beersteeg , Gent",0,1000,51.059811,3.7272136
Middeleeuws ontbijt en Ontbijt bij Lieven Bauwens,"Een arm en een rijk ontbijt, een ontbijt bij Lieven Bauwens. En nieuw dit jaar: een kinderontbijt! Steeds een goede start voor een dag Gentse Feesten. Geen reservatie mogelijk. Wie voor 11.30 uur aanwezig is, wordt zeker bediend. Prijs €5, €9 of €11.",25/07/2011,08:30,11:30,"MIAT, Minnemeers 9, Gent",0,1000,51.0599955,3.7287123
"Café Cantant, Willy Bart en zijne kluts : optreden","Nen hutsepot van Gentsche liedjes mee Willy Bart, Pat Remue & Sabien",25/07/2011,12:30,14:30,"Bretoens Pannenkoekenhuis Gwenola, Donkersteeg 16, Gent",1,100,51.0546855,3.723231
Helderziende Dominique Delaunoy,Geeft inzicht via kaartleggen - terug in balans brengen via Bachbloesems - Controle negatieve energie & entiteiten via pendel - Info omtrent esoterische cursussen.,25/07/2011,14:00,00:00,"HETEKOEKJE, Bennesteeg 1-3, Gent",1,50,51.0528708,3.7245619
Straat 27,Werken van Nina Stoupina in haar eigen galerij.,25/07/2011,14:00,18:00,"Galerij Nina Stoupina, Burgstraat 101, Gent",1,50,51.0563182,3.7160307
Expo Phet Cheng Suor 'Poëtische sculpturen/Vestiaire poétique',"Phet Cheng Suor ontwerpt kleding. Zijn inspireerde zich in het MIAT door portretten van arbeiders, de levendigheid van het museum en de verftuin. Rondleiding door de kunstenares op 21 en 23 juli, 14 en 15.30 uur. Met reservatie.",25/07/2011,10:00,18:00,"MIAT, Minnemeers 9, Gent",0,1000,51.0599955,3.7287123
"Filmvoorstelling  ""Plastic Planet""",We zijn allemaal verslaafd aan plastic. De mensheid vergiftigt zichzelf langzaam maar zeker...  een onthutsende documentaire...,25/07/2011,14:00,15:40,"Augustijnenklooster Sint-Stefanus, Academiestraat 1, Gent",1,50,51.0593912,3.7198089
Broodje Gent: Culinair Patershol,Wil je eens iets anders dan saaie boterhammen uit je brooddoos? Laat je dan verleiden door Broodje Gent. Wij bezorgen je een originele middagpauze en nemen je twee uurtjes mee het Patershol in.,25/07/2011,12:00,14:00,"Infostand Vizit, Corduwaniersstraat 4, Gent",0,50,51.0576395,3.7227266
CONFLICTEN: '40-'45... Ze zijn daar weer!,"1940: Mobilisatie! Blitzkrieg en Blitzbezoek van Hitler aan Gent. Goering in het Posthotel, de aanslag in de Papegaaistraat, de bombardementen in Merelbeke en de bevrijding met de Torries en het Gandawa escadron. Gratis rondleiding, res. niet nodig.",25/07/2011,14:30,16:30,"Sint- Michielshelling, Korenmarkt, Korenmarkt -, Gent",0,50,51.05451,3.72176
Rare Bazare,"Quelle Rare Bazare! Wat ‘n  zotte historie! Zes-koppige band die franse chansons serveert als een explosieve cocktail van jazz, rock, pop en folk.",25/07/2011,21:00,23:00,"Hotsy Totsy, Hoogstraat 1, Gent",1,100,51.0544408,3.7165371
School Is Cool,Zaal: try-out concert voor hun vurig verwachte debuutplaat – indiepop in de stijl van Arcade Fire & Beirut,25/07/2011,22:00,23:00,"Charlatan, Vlasmarkt 6, Gent",0,1000,51.0560619,3.7282741
MARCEL | Het Broodthaerskabinet,S.M.A.K. vatte het plan op om de kunstwerken en archiefstukken van Marcel Broodthaers uit de collectie permanent en op een vaste plek in het museum te presenteren.  Het voorstel van architecten de vylder vinck taillieu werd geselecteerd.,25/07/2011,10:00,18:00,"S.M.A.K., Citadelpark 2, Gent",0,50,51.05665,3.72
het GEITfestival & U DIKKE MA! - een voetbalopera,Het GEITfestival loopt van 22–25/07 Het GEIT sprak vriend en vijand aan om hun artistiek ei tijdens de GF te leggen Het wordt een staal van wat er in het theaterlandschap opborrelt Elke avond wordt afgesloten met U DIKKE MA! –een voetbalopera,25/07/2011,19:00,23:00,"NTGent Arca, Sint-Widostraat 4, Gent",0,100,51.0574957,3.7195404
Historische rondvaart doorheen het middeleeuwse centrum + gratis ijsje. Duur: 50 min.,Gent centrum per boot. Gids aan boord. Om de 15 minuten vertrekt er een boot.,25/07/2011,10:00,00:00,"Aanlegsteiger Boat in Gent, bij Gravensteen (50m), Kraanlei , Gent",0,1000,51.0569531,3.7226146
Cabaret Best,"Na Cabaret één, Cabaret-wee, Cabaret-te-rie, Cabaret Fier en Cabaret de Vijfde sluiten ze hun jarenlange samenwerking af met Cabaret Best. Elk van de acteurs brengt twee van hun favoriet nummers uit de voorbije jaren. En ze zingen ook!",25/07/2011,19:30,21:10,"Tinnenpot, Tinnenpotstraat 21, Gent",0,1000,51.0583441,3.7183287
Expo  Mbongeni BUTHELEZI  (Zuid-Afrika),"Mbongeni BUTHELEZI is opgegroeid in Soweto, Johannesburg. Zijn schilderijen zijn een optimistische weergave van het leven in een township. Hij heeft een techniek ontwikkeld waarbij hij gerecycleerde plastic verpakkingen smelt met een hete lucht blazer.",25/07/2011,16:00,21:00,"tse-tse-art gallery hedendaagse afrikaanse kunst, Sint-Joriskaai 18, Gent",1,50,51.0564168,3.7328153
Stadsvernieuwing in de 19e eeuwse gordel,"Om tegemoet te komen aan de nieuwe noden in de binnenstad, kregen talrijke industriële panden een herbestemming: wonen, werken, ontspanning,...Met bezoek aan de Kopergietery",25/07/2011,11:00,13:00,"MIAT, Minnemeers 9, Gent",0,50,51.0599955,3.7287123
Evenement Druk onder stoom,Het MIAT heeft een indrukwekkende historische drukkerij. Enthousiaste vrijwilligers werken aan de drukmachines. Geniet ook van 'drukken' in filmfragmenten uit diverse documentaires en langspeelfilms.,25/07/2011,10:00,18:00,"MIAT, Minnemeers 9, Gent",0,100,51.0599955,3.7287123
Bowie Peru,Café - gratis: Indiepunk voor fans van QOTSA & Yeah Yeah Yeahs – ex-No Mo Trevno,25/07/2011,21:00,22:00,"Charlatan, Vlasmarkt 6, Gent",0,1000,51.0560619,3.7282741
Gent Ludiek,"Anekdotes over de grappige, maar historisch verantwoorde kantjes van Gent en z'n eigenzinnige inwoners. Dit is het verhaal van Lowie-die-Zwiet, de roaste Wasser en Miele Zoetekoeke.",25/07/2011,19:00,21:00,"Toreken, hoek Kammerstraat/Vrijdagmarkt, Vrijdagmarkt , Gent",0,50,51.0572665,3.7259419
Elga - Het Panopticum,Elga – Het Panopticum dompelt jou onder in de historiek van Gent waar revolutionaire figuren het voortouw namen. Dit levend museum vind je op de speelplaats van het SKI palend aan het Baudelohof. Een productie in samenwerking met het Vermeylenfonds.,25/07/2011,18:00,18:40,"secundair kunstintituut - speelplaats - ingang via Baudelohof, Ottogracht 4, Gent",0,50,51.0580378,3.7279839
Filmvoorstelling 'The Age of STUPID',"THE AGE OF STUPID    De grootste klimaatfilm sinds ""An Inconvenient Truth""",25/07/2011,15:30,17:00,"Augustijnenklooster Sint-Stefanus, Academiestraat 1, Gent",1,50,51.0593912,3.7198089
Stress onder controle met de 0 tot 10 seconden-methode,Tweedaagse cursus in Vormingscentrum Polariteit.  Begeleid door Vincent Willemyns  meer info op http://www.polariteit.be/content/view/134/164/,25/07/2011,18:00,21:00,"vzw Polariteit, Verkortingstraat 55, Sint-Amandsberg",0,50,51.0647541,3.7522483
Feestoog,"Ontdek bij FEESTOOG de nieuwste manier van feestvieren!!!!  Onverwachte oplossingen, antwoorden op nooit eerder gestelde vragen, smaakmakende suggesties met een blijvende impakt.  Feesten zonder stress-vorming en live-muziek.",25/07/2011,19:30,21:00,"Tinnenpot, Tinnenpotstraat 21, Gent",1,1000,51.0583441,3.7183287
Spel van de slotenmaker,Kinderen tussen 7 en 12 jaar leren in een speelse en interactieve wandeling boordevol weetjes het belfort beter kennen. Je gaat er op zoek naar de enige echte sleutel die past op de schat van het secreet.,25/07/2011,10:00,17:00,"Belfort, Sint-Baafsplein , Gent",0,50,51.0536709,3.7254561
Paranormale beurs,"Een paranormale beurs met verkoopsstanden, spiritueel bekende mensen waaronder kaartleggers, helderzienden, zandlezers. Inkom gratis. Elke dag van 13u-23u. Novotel Crypte, Goudenleeuwplein 5, Gent.",25/07/2011,13:00,23:00,"Novotel, Goudenleeuwplein 5, Gent",1,50,51.0544417,3.7237153
Ka-Bal: danstheater met live muziek,"Ka-Bal combineert live muziek met dans in telkens drie korte voorstellingen per avond, gebracht door een schare Belgische en internationale artiesten voor wie geen uitdaging te veel is.",25/07/2011,20:00,21:00,"Minnemeers (NT2Gent), Minnemeers 9, Gent",0,50000,51.0599955,3.7287123
Markt in nieuwe koopwaar - Schooldreef Gentbrugge,Markt in nieuwe koopwaar,25/07/2011,07:30,13:00,"Schooldreef , Gentbrugge",0,50,51.0342088,3.7619133
Raad eens hoeveel ik van je hou 3+,"Een muzikale kleutervoorstelling gebaseerd op de wereldberoemde bestseller van Sam McBratney en Anita Jeram. Vertaling en spelbegeleiding: Fabio Van Hoorebeke, spel: Anne Van Opstal, Jolijn Antonissen en Michaël Zanders.",25/07/2011,16:00,16:50,"Toren van Babel, Bargiekaai 1, Gent",0,1000,51.0580853,3.7076434
Kwartet,"Komedie van Ronald Harwood (auteur van o.a. The Pianist en The Dresser)over 4 gewezen operazangers. In regie van Werther Van Der Sarren. Met Lien Van Ginderachter, Betty Bouckaert, Geert Callebaut en Marc Scheire.",25/07/2011,14:00,16:30,"Theater SCALA, Dendermondsesteenweg 163-165, Gent",1,1000,51.0524071,3.7533519
Museumspel Het Blote Knieënspel,Een zoektocht naar het leven van vroeger. Wat at een rijk kind? Hoe zag een bakkersoven er uit? Waar werkten de kinderen? Met een doeboekje ga je van speelkast naar speelkast. Van 6 tot 12 jaar.,25/07/2011,10:00,18:00,"MIAT, Minnemeers 9, Gent",0,50,51.0599955,3.7287123
Assistentie voor personen met een handicap,Gedurende de volledige periode van de Gentse Feesten is er de mogelijkheid om een gratis assistent te vragen om personen met een handicap te begeleiden om zo de Gentse Feesten te kunnen bezoeken. Dit jaar wordt de assistentie uitgevoerd door vzw Intro.,25/07/2011,14:00,23:00,"AC Zuid, Woodrow Wilsonplein 1, Gent",0,100,51.05665,3.72
Oscar & The Wolf,"Zaal: mooi, dromerig, een tikje melancholisch, maar vooral heel warm",25/07/2011,23:30,00:45,"Charlatan, Vlasmarkt 6, Gent",0,1000,51.0560619,3.7282741
Sissie Parker With Dance Team: Trip Around The World (Travestie Revue),"Nieuwe travestie revue, Trip Around The World. Wij nemen U mee rond de wereld met een dance team en 3 travestie's, vol glitter, dans, en showkostuum's. Een 2 uur durend spektakel. Zaal voorzien van airco en gratis parking.",25/07/2011,15:00,18:00,"De Kring S.I.V.I, Maïsstraat 20, Gent",0,100,51.0690921,3.7090273
Goe Bezig!,"Martin zwiept zijn bezem doorheen de heetste hangijzers die ons dagelijks schaamteloos worden aangereikt. De Dalai Lama, Luc Versteylen, Roger Van Gheluwe - en verder veel ander nieuws over onze politici en over uzelf...",25/07/2011,19:30,20:45,"Zaal Ovaki, Ham 139, Gent",0,50,51.0604437,3.7338082
Workshop Make up Make over,In deze workshop leert u hoe u met een beperkt aantal producten een complete make-over kan maken. Deze workshop wordt gegeven door gediplomeerde visagistes en kleurconsulentes.,25/07/2011,15:00,18:00,"Beverhoutplein 13, Gent",0,50,51.0569984,3.7285361
Leven in Gent/Dallas,Leven in Gent/Dallas - een andere kijk op wonen. De bezoekers van de feesten leren een ander Gent met zijn bewoners kennen. Een Gent voorbij de feestkern die onze perceptie in vraag stelt over hoe wij een sociale woonwijk beleven.,25/07/2011,14:00,20:00,"Ons Huis - Fernandezzaal, Vrijdagmarkt 9, Gent",0,1000,51.0569242,3.7270351
"Radio 2 animatie in en voor de mobiele studio (locatie : voor stadhuis, in het hart van de Gentse Feesten)","loop eens langs , en ontmoet ons radio-team en hun Gentse Feesten gasten",25/07/2011,15:00,22:00,"Botermarkt, afspraak aan de trappen voor het stadhuis, Botermarkt z/n, Gent",0,50,51.05665,3.72
De Mannen,Het sluitstuk van de trilogie ‘de Soprano’s van Ledeberg',25/07/2011,20:00,21:30,"Minardschouwburg, Walpoortstraat 15, Gent",0,50,51.048845,3.7270658
Portus Ganda + Oude Dokken per boot met gratis ijsje.  Duur: 1u45,"Met gids van Korenlei, door de sluis, via Portus Ganda en Dampoort naar de Oude Dokken met zijn schitterend stadsvernieuwingsproject en terug. Voor echte kurieuzeneuzen! Tickets afhalen vanaf 1 uur vóór afvaart.",25/07/2011,11:30,13:15,"Aanlegsteiger De Bootjes van Gent-Rederij Dewaele, Korenlei , Gent",0,1000,51.054856,3.7201238
Portus Ganda + Oude Dokken per boot met gratis ijsje. Duur: 1u45,"Met gids van Kraanlei, door sluis, via Portus Ganda, De Pauw-doorgang en Dampoort naar de Oude Dokken met zijn schitterend stadsvernieuwingsproject en terug. Voor echte kurieuzeneuzen! Tickets afhalen vanaf 1 uur vóór afvaart.",25/07/2011,11:30,13:15,"Aanlegsteiger Boat in Gent, bij Gravensteen (50m), Kraanlei , Gent",0,100,51.0569531,3.7226146
GELEGENHEIDSRESTAURANT Augustijnenklooster,Dagelijks gelegenheidsrestaurant tussen 12.00u en 15.00u ten voordele van de Afrikaprojecten van de Paters Augustijnen,25/07/2011,12:00,15:00,"Augustijnenklooster Sint-Stefanus, Academiestraat 1, Gent",1,100,51.0593912,3.7198089
Bezoek aan de Galveston-site,"Waar vinden een reinigingsfirma, een dansschool, een evenementenhal, een indoorpaintballterrein en een beschermd monument elkaar? In Galveston! Een uniek verhaal over de herbestemming van industrieel erfgoed. Ism Gia Cataro.",25/07/2011,14:00,16:00,"Galveston, Wiedauwkaai 52, Gent",0,50,51.0754676,3.7261821
Rondvaarten in de Gentse binnenstad,"Rondvaarten in de Gentse binnenstad - 40 minuten. Tijdens de rondvaart ontvangen de eerste 250 klanten een gratis Vedett.  Vertrek & aankomst : Graslei-Gent Watertoerist   Prijs : € 6,50 Volw / € 5,50 Gentenaar / € 3,50 kinderen (-12 jaar)",25/07/2011,11:00,19:00,"Aanlegsteiger Gent Watertoerist, Graslei , Gent",0,50,51.05471,3.72076
"Basisworkshop juwelen maken met oude en etnische galskralen, halfedelstenen en Muranoglas","U leert eenvoudige technieken om de juwelen af te werken, slotjes te bevestigen en eenvoudige oorringen te maken.",25/07/2011,14:30,17:30,"Beverhoutplein 13, Gent",0,50,51.0569984,3.7285361
Dag                                       Figurentheater voor kleuters,"Zoveel saaie dagen? Waarom is het niet elke dag mijn verjaardag,Pasen of Nieuwjaar? Titiana ontmoet Dageraad en ze beslissen om van elke dag een ""superdag "" te maken!(drankje incl.)  Tekst;Lien Maes  Regie:Hilde Heÿnen en Alain Pringels",25/07/2011,14:00,14:45,"Capitole - kleine zaal, Graaf van Vlaanderenplein 5, Gent",0,50,51.0480347,3.7319393
Hotel Jarretelle,"De langbenige Pascale Platel verhuurt u graag een kamer voor de nacht en gluurt met u door het sleutelgat naar haar extravagante gasten. Delicieuse dames, burlesque bunnies en drinks on the rocks, welkom in onze cabareteske suite deluxe!",25/07/2011,22:00,23:30,"Balzaal, Vooruit, Sint-Pietersnieuwstraat 23, Gent",1,1000,51.05665,3.72
Travestieshow Feerie au paradis,"Travestieshow maar op zijn parijse wijze met pluimen strass pailletten .Met prachtige  kostuums zoals in de moulin rouge,glamour numers,comische acts,prachtig   decor,sfeervolle zaal.En dit jaar md zaza en haar dancers erbij!",25/07/2011,20:30,23:30,"de kring, Sint-Godelievestraat 59, Wondelgem",1,100,51.0788791,3.7131195
"Gent, waar nieuwe Gentenaars thuis zijn. ","Een andere kijk op de Sleepstraatbuurt, met een bezoek aan de moskee. Gastheer: Kamerlid Ir. Peter Dedecker.",25/07/2011,10:30,12:30,"Pacificatiehuis, Burgstraat 55, Gent",0,50,51.0563648,3.7171713
Belfort Privilege Quest,"Ontdek het Belfort met haar donkere geheimen. Speel samen of tegen elkaar enkele opdrachten in en rond het Belfort. Kom zo te weten welk privilege jou toekomt na het kraken van de code. Met GPS 12 EUR, zonder GPS 7 EUR. Excl. toegangsprijs.",25/07/2011,10:00,17:00,"Belfort, Sint-Baafsplein , Gent",0,50,51.0536709,3.7254561
Rondvaarten in de Gentse binnenstad,"Rondvaarten in Gentse binnenstad 50 minuten.  Tijdens de rondvaart eerste 250 pers.: 1 gratis ""La Chouffe"" of 1 ""Liefmans on the rocks""  Vertrek & aankomst Groentenmarkt - Rederij De Gentenaer.  Prijs: € 6,50/Volw.- € 5,50 Gentenaar-€ 3,50 Kind (-12j)",25/07/2011,11:00,19:00,"aan de steiger van Rederij De Gentenaer, Groentenmarkt -, Gent",0,50,51.0559826,3.7223147
Afscheid van de waalse krook,"Tentoonstelling Michel Flamme, Sarah Van de Vijver, Prez",25/07/2011,14:00,23:00,"usEUm, Platteberg 19, Gent",0,50,51.0486712,3.7284666
Tlp,Barbaar: De Genste Party Paus,25/07/2011,00:00,05:55,"Charlatan, Vlasmarkt 6, Gent",0,1000,51.0560619,3.7282741
Arm Gent,"Gent mag terugkijken op een roemrijk verleden, maar hoe ging de stad doorheen de tijden om met armoede? Bedel wat geld bij elkaar voor schoenen, en treed even in de voetsporen van 'de kleine man' aan de zelfkant van de maatschappij.",25/07/2011,10:30,12:00,"Infostand Vizit, Corduwaniersstraat 4, Gent",0,50,51.0576395,3.7227266
Belcanto-ontbijt in het Huis van Alijn,Geniet in de binnentuin van een lekker ontbijt met een streepje muziek. Keuze tussen een Belcanto-ontbijt (€ 7) en een Belcanto-Royal-ontbijt (mét bubbels - € 10). Welkom tussen 10 en 12 uur! Graag aanmelden vanaf 10 pers. Dit is echter geen reservatie.,25/07/2011,10:00,12:00,"Het Huis van Alijn, Kraanlei 65, Gent",0,1000,51.0574921,3.7234722
Openluchtatelier/kunstmarkt,"Openluchtatelier met demonstaties van verschillende beeldende kunstenaars   (tekenaars,schilders,portrettekenaars,karikarturen enz.)",25/07/2011,13:00,19:00,"Groentenmarkt, Gent",0,50,51.0559826,3.7223147
Broekvent,"Dé theaterreunie van het jaar, terug na 10 jaar! Met de hoogtepunten uit hun vorige shows én nieuw werk. Ze zetten u voor schut en elkaar voor lul. Ze zijn hemels simpel van geest, briljant in hun eenvoud en absurditeit. (zie ook xlp.be)",25/07/2011,22:00,23:05,"Minnemeers (NT2Gent), Minnemeers 9, Gent",1,1000,51.0599955,3.7287123
Sherlock Holmes in het Patershol (zoektocht zonder gids),"Zoektocht in 1 van Gents oudste en gezelligste wijken. Aan de hand van een leidraad, vragen en raadsels leer je het Patershol beter kennen. Boekje te koop: Kunstglasramen Mestdagh, Drabstr. 2",25/07/2011,00:00,00:00,"Sint-Veerleplein /, Gent",0,50,51.0567346,3.7213135
Arm Gent,"Gent mag terugkijken op een roemrijk verleden, maar hoe ging de stad doorheen de tijden om met armoede? Bedel wat geld bij elkaar voor schoenen, en treed even in de voetsporen van 'de kleine man' aan de zelfkant van de maatschappij.",25/07/2011,10:30,12:00,"Infostand Vizit, Corduwaniersstraat 4, Gent",0,50,51.0576395,3.7227266
Koninklijke Muziekmaatschappij De Neerschelde Gentbrugge,Harmonie,25/07/2011,11:00,13:00,"Het Huis van Alijn, Kraanlei 65, Gent",0,1000,51.0574921,3.7234722
"Cartoontentoonstelling ""Selecte (Gentsche) humor""",Gentse e.a. cartoonisten stellen voor uit hun eigen werk.,25/07/2011,11:00,15:00,"Hof Van Ryhove, Onderstraat 20, Gent",1,100,51.0559253,3.7251237
Hotel Jarretelle,"De langbenige Pascale Platel verhuurt u graag een kamer voor de nacht en gluurt met u door het sleutelgat naar haar extravagante gasten. Delicieuse dames, burlesque bunnies en drinks on the rocks, welkom in onze cabareteske suite deluxe!",25/07/2011,20:00,21:30,"Balzaal, Vooruit, Sint-Pietersnieuwstraat 23, Gent",1,1000,51.05665,3.72
Boottocht met Hanneke Tanneke Toverheks + gratis ijsje. Duur 40 min.,"Vaar mee met Hanneke Tanneke: een lelijke, vrolijke, superslordige heks die de Gentse wateren tijdens de Feesten onveilig maakt. Kleuters en kinderen tot 8 jaar helpen Hanneke om een heel speciale toverdrank te brouwen.",25/07/2011,11:00,11:40,"Aanlegsteiger Boat in Gent, bij Gravensteen (50m), Kraanlei , Gent",0,1000,51.0569531,3.7226146
Portus Ganda + Oude Dokken per boot met gratis ijsje. Duur: 1u45,"Met gids van Kraanlei, door sluis, via Portus Ganda, De Pauw-doorgang en Dampoort naar de Oude Dokken met zijn schitterend stadsvernieuwingsproject en terug. Voor echte kurieuzeneuzen! Tickets afhalen vanaf 1 uur vóór afvaart.",25/07/2011,17:30,19:15,"Aanlegsteiger Boat in Gent, bij Gravensteen (50m), Kraanlei , Gent",0,100,51.0569531,3.7226146
Zoektocht in het Miljoenenkwartier (zonder gids),"Vandaag is het Miljoenenkwartier een mondaine woonwijk, net geen 100 jaar geleden was hier een Wereldtentoonstelling. Boekje te koop: Kunstglasramen Mestdagh, Drabstr. 2",25/07/2011,00:00,00:00,"Kortrijksesteenweg /, Gent",0,50,51.020809,3.6872139
Tony en de hangmatten,"Waanzin, humor, nederlandstalig. Drie woorden om dit te typeren. Hakkentuff! oftewel, iedereen de boom in en gas geven.",25/07/2011,20:30,22:00,Korenmarkt ,0,5000,51.4969102,4.2899417
Elke stap telt!,"Zoektocht door het centrum van Gent, met de stappenteller in je voetspoor.",25/07/2011,10:00,18:00,"Belfort, Sint-Baafsplein , Gent",0,50,51.0536709,3.7254561
Va Fan Fahre,"Va Fan Fahre is opgericht in maart 2003. Langzaamaan begon de band eigen nummers te schrijven, waarbij ze doorheen de Balkan Brass andere wereldmuziekinvloeden begonnen te weven.",25/07/2011,23:00,00:30,"Sint-Jacobs, Gent",0,50000,51.0564691,3.7270706
Jellyface Band - rockcovers,Met rockcovers om u tegen te zeggen !!!,25/07/2011,18:00,20:00,St - Veerleplein ,0,50,52.7073761,5.7538888
De geschiedenis van Gent: een samenvatting,Deze wandeling geeft in een beknopt bestek een overzicht van de geschiedenis van Gent vanaf haar onstaan tot de Wereldtentoonstelling van 1913.,25/07/2011,14:00,15:30,"Nederpolder 2, Gent",0,50,51.0541518,3.7270178
Freddy en de hartenbrekers,"Het optreden is een uniek feest met een streepje smart. Ambiance en verdriet die zich verzoenen op het podium. Overal waar vrouwen zijn en een Bühne staat spelen Freddy en de hartenbrekers met passie, hart, ziel, een lach en een traan.",25/07/2011,23:00,00:30,Korenmarkt ,0,5000,51.4969102,4.2899417
Ambachtenmarkt met Lounge terras,"Op deze markt kan u de kraampjes vinden van de ambachtenlieden met juwelen, houten speelgoed, leder bewerken, vilt... dit iedere dag tot 24u. Er is een lounge terras voorzien om eventjes te rusten en een drankje te nuttigen.",25/07/2011,12:00,00:00,Maaseikstraat ,0,1000,52.348436,4.8128184
Lady Angelina,"Lady Angelina, gewapend met accordeon en zwarte vleugeltjes in een passionele mix van cabaret, chanson en levenslied, ontstond als muzikale act bij de Kamikaze Freakshow op hun tournee in Brazilië.",25/07/2011,20:00,21:00,"Sint-Jacobs, Gent",0,50000,51.0564691,3.7270706
Nerveus,Dé Keizer van de Gentse Feesten.  Kwaliteitsvolle ambiance-covers van Folk tot Pop-rock.,25/07/2011,20:00,22:45,"Groot Podium, Groentenmarkt, Gent",0,5000,51.0559826,3.7223147
Afro-Oriëntaalse dans - Greet Ka,Afro-Oriëntaalse dans met Greet Ka.,25/07/2011,15:00,16:00,"Dansvloer, Baudelopark, Gent",0,50000,51.05665,3.72
Boombal Intiem met Naragonia,Op een Boombal-intiem kan je dansen op rustige en verfijnde muziek. Een goeie dansvloer en voldoende plaats om te dansen behoren eveneens tot de kenmerken!,25/07/2011,18:30,20:00,"Circusvloer, Baudelopark, Gent",0,50000,51.05665,3.72
Marokkaanse dans - de Dans-ruh,Marokkaanse dans door de Dans-ruh.,25/07/2011,18:00,19:00,"Dansvloer, Baudelopark, Gent",0,50000,51.05665,3.72
De geschiedenis van Gent: een samenvatting,Deze wandeling geeft in een beknopt bestek een overzicht van de geschiedenis van Gent vanaf haar onstaan tot de Wereldtentoonstelling van 1913.,25/07/2011,10:30,12:00,"Nederpolder 2, Gent",0,50,51.0541518,3.7270178
Neuzen in historisch Gent,"Onder het wakende oog van de draak op het Belfort, ga je op ontdekking in de stad, langs grote monumenten en onbekende pareltjes.",25/07/2011,00:00,00:00,"Sint-Veerleplein /, Gent",0,50,51.0567346,3.7213135
The Fortunate Few,"The fortunate few is een nieuwe band met een veelbelovende originele sound. Steeds zoekend naar een evenwicht tussen stilte en geluid, met mysterieuze teksten en een bijzondere meerstemmigheid.",25/07/2011,19:00,20:15,St - Baafsplein ,0,5000,51.0536709,3.7254561
Foor,Foor,25/07/2011,14:00,00:00,Vrijdagmarkt ,0,50,51.2044879,3.2171689
Camping Vlasmarkt,"Urgent.fm, Gentse Feesten radio live van op de Vlasmarkt en op 105.3FM",25/07/2011,16:00,23:00,Vlasmarkt ,0,1000,51.0559801,3.7283082
Zoektocht in het Miljoenenkwartier,"Vandaag is het Miljoenenkwartier een mondaine woonwijk, net geen 100 jaar geleden was hier een Wereldtentoonstelling.",25/07/2011,00:00,00:00,"Kortrijksesteenweg /, Gent",0,50,51.020809,3.6872139
Never 2 Late - Swinging Experience !!!,De afsluiter van de Gentse Feesten !!!,25/07/2011,21:00,01:00,St - Veerleplein ,0,50,52.7073761,5.7538888
Hans Mortelmans & Groep,"Hans Mortelmans & Groep is een akoestisch kwartet, in 2005 gevormd rond de liedschrijver-gitarist Hans Mortelmans. Het kwartet vond snel een heel eigen universum waarin humor, rebellie en melancholie elkaar de hand reiken.",25/07/2011,20:00,21:30,"Baudelopark, Gent",0,50000,51.05665,3.72
Boombal Intiem met Jeroen Geerinck,Op een Boombal-intiem kan je dansen op rustige en verfijnde muziek. Een goeie dansvloer en voldoende plaats om te dansen behoren eveneens tot de kenmerken!,25/07/2011,15:00,16:00,"Circusvloer, Baudelopark, Gent",0,50000,51.05665,3.72
Boottocht,Portus Ganda en Oude Dokken,25/07/2011,11:30,12:30,"De Bootjes van Gent - Rederij Dewaele, Korenlei 0, Gent",0,50,51.05665,3.72
Derek invite Koen De Cauter & Rony Verbiest,Koen De Cauter (gitaar en zang) en Rony Verbiest (accordeon) zijn de twee sterkste platanen van de Place Musette. Dajo De Cauter goochelt in hun schaduw op de contrabas.,25/07/2011,21:45,00:30,Beverhoutplein ,0,50,51.0569832,3.7283219
Gentse Zangstonde,Elke dag een andere Gentse Zangstonde op het groot podium bij Sint-Jacobs.,25/07/2011,21:00,21:15,"Sint-Jacobs, Gent",0,50000,51.0564691,3.7270706
Flat Nine met Antoine Guenet,Flat Nine is een vereniging opgericht door vier studenten aan het Gentse conservatorium. Flat Nine werkt niet met een vaste band. Ze treden op in verschillende formaties en schuwen geen enkel genre.,25/07/2011,01:00,02:00,"Spiegeltent, Baudelopark, Gent",0,50000,51.05665,3.72
De geschiedenis van Gent: een samenvatting,Deze wandeling geeft in een beknopt bestek een overzicht van de geschiedenis van Gent vanaf haar onstaan tot de Wereldtentoonstelling van 1913.,25/07/2011,16:30,18:00,"Nederpolder 2, Gent",0,50,51.0541518,3.7270178
Bart Peeters 'De Ideale man',Bart Peeters 'De Ideale man',25/07/2011,23:15,01:00,St - Baafsplein ,0,10000,51.0536709,3.7254561
Boombal Intiem met Bogus,Op een Boombal-intiem kan je dansen op rustige en verfijnde muziek. Een goeie dansvloer en voldoende plaats om te dansen behoren eveneens tot de kenmerken!,25/07/2011,16:30,18:00,"Circusvloer, Baudelopark, Gent",0,50000,51.05665,3.72
Zoektocht in Portus Ganda - meer dan water alleen,Deze zoektocht leidt je van de oudste nederzetting naar de nieuwste haven van de stad.,25/07/2011,00:00,00:00,"Oude Beestenmarkt /, Gent",0,50,51.0542559,3.7322261
Polé Polé Dag 10,Concerten en after party,25/07/2011,15:00,23:55,"Korenlei, Graslei, Gent",0,50000,51.05471,3.72076
De Bende van Smeerop,De Bende van Smeerop laat alle bekende zangstonde-hits en Gentse meezingers rocken en grooven. Dat kan ook moeilijk anders als je de ritmesectie van Gorki samen zet met de broers De Meester van King Dalton.,25/07/2011,21:30,22:30,"Sint-Jacobs, Gent",0,50000,51.0564691,3.7270706
Prondelmarkt - markt in tweedehandswaren,Prondelmarkt - markt in tweedehandswaren,25/07/2011,14:00,22:00,"Beverhoutplein, Sint-Jacobs, Gent",0,50,51.05665,3.72
Camping Vlasmarkt,Dj's Mildo & Loud sluiten de feesten af voor de 11e keer,25/07/2011,23:00,05:55,Vlasmarkt ,0,5000,51.0559801,3.7283082
De Dolfijntjes,"De Dolfijntjes is een collectief rond acteurs/muzikanten Wim Opbrouck en Wim Willaert. De Dolfijntjes werden 18 jaar geleden opgericht en speelden sedert op de podia van cafés, jeugdhuizen, theaters, schouwburgen, festivals en tv-programma's.",25/07/2011,01:00,03:00,"Sint-Jacobs, Gent",0,50000,51.0564691,3.7270706
Feest- en avonmarkt - Markt van de Lege Portemonnees,Feest- en avondmarkt - Markt van de Lege Portemonnees,25/07/2011,12:00,00:00,"Hoornstraat, Jacobijnenstraat, Gent",0,50,51.05665,3.72
Klody Ndongala,"Klody Ndongala draait al 30 jaar mee in de muziekwereld, maar de laatste vijftien jaar was dat vooral in de schaduw. Hij nam nu een nieuwe plaat op en is aan een comeback toe. Dit is Congolees, maar toch anders.",25/07/2011,22:00,23:30,"Baudelopark, Gent",0,50000,51.05665,3.72
Jonge Wolven,Elke dag krijgen telkens twee kandidaten van de 18 een half uur de tijd om het publiek in vervoering te brengen. De winnaars worden bekend gemaakt op 25 juli en mogen dan een bisconcert afwerken!,25/07/2011,22:00,22:30,"Spiegeltent, Baudelopark, Gent",0,50,51.05665,3.72
Dirk Bauters en Vanessa Chinitor,"Sketches, zang, entertainment met bekende gezichten en tal van gastoptredens",25/07/2011,13:30,17:30,St - Veerleplein ,0,50,52.7073761,5.7538888
Tango,Tango,25/07/2011,15:00,18:00,"Spiegeltent, Baudelopark, Gent",0,50000,51.05665,3.72
Dj Pacha and all stars Teachers - Cha cha cha,Dj Pacha and all stars Teachers: Cha cha cha.,25/07/2011,19:00,20:00,"Salsabar, Baudelopark, Gent",0,50000,51.05665,3.72
Lightnin' Guy,"Lightnin’ Guy is één van de “hardest working performers” binnen de Belgische blues & rootsscène. Hij is een act die niet enkel hoge toppen scheert in België, maar ook klaar is om de Europese podia te veroveren.",25/07/2011,23:00,00:00,"Spiegeltent, Baudelopark, Gent",0,50000,51.05665,3.72
Gent op z'n kookpunt,Wat zat er vroeger in de kookpot? Waarom gebruiken we eigenlijk bestek? Hoe ontstond Gentse waterzooi?,25/07/2011,00:00,00:00,"Korenlei /, Gent",0,50,51.054856,3.7201238
Tango - The Dance Factory,Tango door The Dance Factory.,25/07/2011,17:00,18:00,"Dansvloer, Baudelopark, Gent",0,50000,51.05665,3.72
Historische rondleiding,"De klassieke, historische rondleiding in onze 700 jaar oude gemeentetoren. Kom alles te weten over de privileges die er opgeborgen lagen, de kanneschijters, klokken en draken.",25/07/2011,10:30,12:30,"Belfort, Sint-Baafsplein , Gent",0,50,51.0536709,3.7254561
Jo Lemaire,‘My sentimental journey’ (repertoire uit vele Europese landen),25/07/2011,23:15,01:00,François Laurentplein ,0,50,51.0510308,3.728225
aNoo,Anu Junnonen is een jongs Finse jazz-zangeres die nu al een tijdje in Brussel woont.,25/07/2011,19:00,20:00,"Spiegeltent, Baudelopark, Gent",0,50000,51.05665,3.72
Jonge Wolven,Elke dag krijgen telkens twee kandidaten van de 18 een half uur de tijd om het publiek in vervoering te brengen. De winnaars worden bekend gemaakt op 25 juli en mogen dan een bisconcert afwerken!,25/07/2011,21:00,21:30,"Spiegeltent, Baudelopark, Gent",0,5000,51.05665,3.72
Over blauw bloed en witte billenbijters - zoektocht in het Prinsenhof,Prinsenhof: meer dan het oord van verdoemenis waar de Gentenaars stroppendragers werden. Een duik in de geschiedenis van deze mooie wijk!,25/07/2011,00:00,00:00,"Lievekaai /, Gent",0,50,51.0584957,3.7189457
Sherlock Holmes in het Patershol,"Zoektocht in 1 van Gents oudste en gezelligste wijken. Aan de hand van een leidraad, vragen en raadsels leer je het Patershol beter kennen.",25/07/2011,00:00,00:00,"Sint-Veerleplein /, Gent",0,50,51.0567346,3.7213135
Danshuis De Ingang,Danshuis De Ingang,25/07/2011,20:00,22:00,"Salsabar, Baudelopark, Gent",0,50000,51.05665,3.72
Clipdance - Justine Van Rysselberghe,Clipdance met Justine Van Rysselberghe van Dance In Motion.,25/07/2011,16:00,17:00,"Dansvloer, Baudelopark, Gent",0,50000,51.05665,3.72
Hard To Handle,"Dance, Disco, Pop-rock. Een sterk vernieuwend cover concept, gebracht door een zeer goede groep. En, beter dan een Deejay!!!",25/07/2011,23:30,03:00,"Groot Podium, Groentenmarkt, Gent",0,5000,51.0559826,3.7223147
Cookies & Cream,Cookies and Cream is een toffe en hippe cover band die je zowel pop muziek brengt als de rock klassiekers.,25/07/2011,21:00,22:15,St - Baafsplein ,0,5000,51.0536709,3.7254561
